Kilo_Secs,Relative_Flux,Relative_Flux_Error
0,0.021249,0.001624
0.031967962,0.021117,0.001625
0.064022385,0.01934,0.001627
0.095990387,0.019256,0.001631
0.127958389,0.021156,0.001632
0.160012771,0.019355,0.00163
0.191980773,0.014434,0.001638
0.223948775,0.012302,0.00164
0.256003198,0.011362,0.001637
0.2879712,0.007481,0.00164
0.319939162,0.015076,0.001637
0.351993585,0.019061,0.001639
0.383961587,0.023476,0.001642
0.416015969,0.01418,0.001634
0.447983971,0.015112,0.001637
0.479951973,0.018148,0.001632
0.512006396,0.016686,0.001633
0.543974398,0.011087,0.001636
0.5759424,0.012293,0.001646
0.607996783,0.009438,0.001634
0.639964785,0.011582,0.001645
0.671932787,0.010118,0.001642
0.703987169,0.003515,0.001649
0.735955171,0.010708,0.001639
0.768009594,0.017912,0.00164
0.799977596,0.015413,0.00164
0.831945598,0.020419,0.001635
0.863999981,0.015124,0.001633
0.895967983,0.021489,0.001632
0.927935985,0.020742,0.001631
0.959990367,0.022319,0.001628
0.991958369,0.022318,0.001629
1.023926371,0.010359,0.001636
1.055980794,0.00682,0.001634
1.087948796,0.014049,0.001629
1.119916798,0.011517,0.00163
1.151971181,0.017484,0.001631
1.183939183,0.018863,0.001629
1.215993565,0.015048,0.00163
1.247961567,0.011596,0.001633
1.279929569,0.013761,0.001634
1.311983992,0.010526,0.001631
1.343951994,0.012564,0.001638
1.375919996,0.007445,0.001641
1.407974379,0.007029,0.00164
1.439942381,0.004985,0.001634
1.471910383,0.010984,0.001633
1.503964765,0.007129,0.001631
1.535932767,0.008774,0.001633
1.567900769,0.013471,0.001632
1.599955192,0.01104,0.001632
1.631923194,0.015102,0.001628
1.663891196,0.004544,0.001646
1.695945579,0.007356,0.001633
1.727913581,0.006985,0.001636
1.759967963,0.002439,0.001634
1.791935965,0.005457,0.00163
1.823903967,0.002489,0.001632
1.85595839,0.005027,0.001627
1.887926392,0.006019,0.001628
1.919894394,0.006406,0.00163
1.951948777,0.011215,0.001625
1.983916779,0.010169,0.001626
2.015884781,0.010157,0.001625
2.047939163,0.011763,0.001628
2.079907165,0.014661,0.001624
2.111961588,0.012597,0.001626
2.14392959,0.01133,0.001626
2.175897592,0.004659,0.001631
2.207951975,0.004285,0.001628
2.239919977,0.001446,0.001632
2.271887979,0.000654,0.001641
2.303942361,0.006807,0.001628
2.335910364,0.004122,0.00163
2.367878366,0.007192,0.001626
2.399932788,0.005829,0.001635
2.43190079,0.005626,0.001634
2.463868792,0.01252,0.001626
2.495923175,0.001697,0.001633
2.527891177,0.005994,0.001625
2.5599456,0.001822,0.001629
2.591913562,0.001364,0.001627
2.623881564,0.00409,0.001629
2.656886373,0.009434,0.001622
2.688854375,0.010337,0.001622
2.720908798,0.012156,0.00162
2.7528768,0.013494,0.001622
2.784931183,0.003386,0.001647
2.816899185,0.001771,0.001644
2.848867187,0.003758,0.001645
2.880921569,-0.000973,0.001649
2.912889571,-0.001455,0.001651
2.944857574,0.000845,0.001647
2.976911996,-0.002848,0.001657
3.008879998,-0.003308,0.001651
3.040848,0.000778,0.001642
3.072902383,0.002326,0.001652
3.104870385,0.005966,0.001648
3.136838387,-0.001174,0.001657
3.16889277,-0.000595,0.001644
3.200860772,0.000896,0.00165
3.232915194,0.002207,0.001643
3.264883196,0.004536,0.001642
3.296851198,0.00462,0.001644
3.328905581,-0.002646,0.001635
3.360873583,-0.005655,0.00164
3.392841585,0.000446,0.001639
3.424895968,-0.000904,0.001633
3.45686397,0.000199,0.00164
3.488831972,0.002495,0.001638
3.520886394,0.002102,0.001635
3.552854396,0.001823,0.001639
3.584822398,-0.000767,0.001641
3.616876781,0.000988,0.001633
3.648844783,-0.00451,0.001634
3.680899166,0.002628,0.001632
3.712867168,-0.003771,0.001636
3.74483517,-0.008375,0.001641
3.776889592,-0.007838,0.001635
3.808857594,-0.002076,0.001633
3.840825596,-0.002256,0.001628
3.872879979,-0.000181,0.001635
3.904847981,-0.004986,0.001632
3.936815983,-0.000676,0.001644
3.968870366,-0.000717,0.001636
4.000838368,-0.000204,0.001632
4.03280637,-0.001766,0.001635
4.064860792,-0.00461,0.001637
4.096828794,-0.003292,0.001635
4.128883177,-0.010854,0.00163
4.160851179,-0.008131,0.001641
4.193855989,-0.0008,0.001634
4.225823991,-0.004109,0.001632
4.257878374,-0.005753,0.001641
4.289846376,0.002158,0.001641
4.321814378,-0.001968,0.001638
4.3538688,-0.009095,0.001641
4.385836762,-0.000494,0.001643
4.417804764,-0.002367,0.00164
4.449859187,-0.007774,0.001643
4.481827189,-0.005888,0.001644
4.513795191,-0.006865,0.001643
4.545849574,-0.010209,0.001641
4.577817576,-0.005337,0.001632
4.609785578,0.000751,0.00163
4.64184,0.000127,0.001633
4.673807962,-0.003488,0.001633
4.705775964,0.003165,0.001627
4.737830387,0.00488,0.001631
4.769798389,-0.004526,0.00163
4.801852772,0.000542,0.001628
4.833820774,-0.002219,0.001629
4.865788776,-0.003277,0.001624
4.897843198,-0.000534,0.001629
4.929811201,-0.001725,0.001627
4.961779162,-0.005766,0.001627
4.993833585,0.000969,0.001625
5.025801587,0.002668,0.001624
5.057769589,0.001466,0.001625
5.089823972,0.004378,0.001625
5.121791974,0.003958,0.001623
5.153759976,0.003289,0.001626
5.185814399,0.00484,0.001623
5.217782401,-0.000271,0.001629
5.25078717,-0.001054,0.001629
5.282755172,-0.011427,0.00163
5.314809595,-0.001064,0.001634
5.346777597,-0.002895,0.001637
5.378745599,0.003482,0.001626
5.410799982,-0.00204,0.001625
5.442767984,1.70E-05,0.00163
5.473785599,0.003375,0.001631
5.505753601,0.001694,0.001629
5.537807983,0.000332,0.001627
5.569775985,-0.005187,0.001629
5.601743987,0.002147,0.001626
5.63379837,-0.000844,0.001629
5.665766372,-0.008813,0.001626
5.697820795,-0.006403,0.001637
5.729788797,-0.003622,0.001628
5.761756799,-0.001174,0.001626
5.793811181,-0.001606,0.001625
5.825779183,0.000951,0.001627
5.857747185,0.001375,0.001625
5.889801568,0.00218,0.001632
5.92176957,-0.001778,0.00163
5.953737572,-0.00237,0.001627
5.985791995,-0.000204,0.001633
6.017759997,4.60E-05,0.001631
6.049727999,-0.000645,0.001627
6.081782381,-0.00432,0.001625
6.113750383,-0.002309,0.001627
6.145718385,-0.000181,0.001625
6.177772768,0.002358,0.001623
6.20974077,0.004949,0.001627
6.241795193,0.002433,0.001624
6.273763195,0.002591,0.001625
6.305731197,-0.004106,0.001628
6.337785579,0.00253,0.001626
6.369753581,-0.00049,0.001625
6.401721583,-0.000891,0.001628
6.433775966,-0.006453,0.001629
6.465743968,-0.003692,0.001624
6.49771197,-0.006275,0.001626
6.529766393,-0.002074,0.001625
6.561734395,-0.004658,0.001625
6.593702397,-0.004943,0.001628
6.625756779,-0.002576,0.001631
6.657724781,-0.003332,0.001632
6.689779164,-0.006921,0.001633
6.721747166,-0.007827,0.001633
6.753715168,-0.000293,0.001631
6.785769591,-0.004382,0.001632
6.817737593,-0.00719,0.001639
6.849705595,-0.011044,0.001638
6.881759977,-0.006323,0.001632
6.913727979,-0.008066,0.001632
6.945695981,-0.002198,0.001634
6.977750364,0.001718,0.001632
7.009718366,-0.003129,0.001633
7.041772789,0.000722,0.001624
7.073740791,-0.007169,0.001628
7.105708793,-0.003545,0.001631
7.137763175,-0.004872,0.001631
7.169731177,-0.008066,0.001626
7.201699179,-0.012706,0.001631
7.233753562,-0.009564,0.00163
7.265721564,-0.001842,0.001626
7.297689566,-0.004283,0.001629
7.329743989,0.002097,0.00163
7.361711991,0.004154,0.001633
7.393679993,0.0001,0.001633
7.425734375,-0.000876,0.001639
7.457702377,-0.004939,0.001641
7.489670379,0.000112,0.001653
7.521724762,-0.006977,0.00164
7.553692764,-0.008654,0.001641
7.585660766,-0.011553,0.001642
7.617715189,-0.007908,0.001647
7.649683191,-0.000122,0.001646
7.681737573,-0.001461,0.001643
7.713705575,-0.004144,0.001644
7.745673577,-0.000494,0.001647
7.777728,-0.001409,0.001638
7.809695962,-0.002486,0.001636
7.841663964,-0.001278,0.001635
7.873718387,-0.002003,0.001644
7.905686389,-0.003607,0.001647
7.937654391,-0.00253,0.001643
7.969708773,-0.010594,0.001675
8.001676776,-0.003949,0.00167
8.033731198,-0.007261,0.001679
8.0656992,-0.001456,0.00167
8.097667162,-0.006207,0.001665
8.129721585,0.004434,0.001663
8.161689587,-0.001657,0.001674
8.193657589,-0.003619,0.001674
8.225711972,-0.003781,0.001665
8.257679974,-0.005422,0.00168
8.289647976,-0.000278,0.001704
8.321702398,-0.000726,0.001715
8.3536704,-0.009966,0.001713
8.385638362,-0.00497,0.001714
8.417692785,-0.010081,0.001692
8.449660787,-0.00226,0.001707
8.48171517,-0.004513,0.001696
8.513683172,0.001732,0.001702
8.545651174,0.00032,0.00169
8.577705596,-0.003343,0.001705
8.609673598,-0.001331,0.001708
8.6416416,-0.002463,0.001705
8.673695983,-0.003963,0.001684
8.705663985,-0.005649,0.00173
8.737631987,-0.007008,0.001731
8.76968637,-0.003402,0.001741
8.801654372,-0.005448,0.001722
8.833622374,-0.003924,0.001717
8.865676796,-0.002039,0.001698
8.897644798,0.002284,0.001728
8.929699181,-0.002326,0.001729
8.961667183,-0.005539,0.001687
8.993635185,-0.004266,0.00164
9.025689568,-0.001251,0.001638
9.05765757,-0.005034,0.001647
9.089625572,-0.004416,0.001638
9.121679994,-0.00742,0.00164
9.153647996,-0.004489,0.001636
9.185615999,-0.000941,0.001637
9.217670381,-0.004923,0.001635
9.249638383,-0.005831,0.001644
9.281606385,-0.006789,0.001636
9.313660768,-0.001785,0.001641
9.34562877,-0.003985,0.001641
9.377683192,-0.001589,0.001642
9.409651195,-0.004835,0.001639
9.441619197,-0.006308,0.001646
9.473673579,-0.00631,0.001642
9.505641581,-0.005924,0.001657
9.537609583,-0.011107,0.001641
9.569663966,-0.010047,0.001636
9.601631968,-0.005986,0.001638
9.63359997,-0.00034,0.00164
9.665654393,0.000601,0.001646
9.697622395,0.001036,0.001655
9.729590397,-0.003679,0.001644
9.761644779,0.000857,0.001639
9.793699162,-0.000926,0.001655
9.825580783,-0.004346,0.001639
9.857635166,-0.003338,0.00164
9.889603168,-0.006544,0.001639
9.921657591,-0.012602,0.001646
9.953625593,-0.00415,0.001641
9.985593595,-0.004647,0.001636
10.01764798,-0.002015,0.001632
10.04961598,-0.003597,0.001633
10.08158398,0.003256,0.001628
10.11363836,0.003306,0.001627
10.14560637,0.002336,0.001632
10.17757437,0.001035,0.001634
10.20962879,-0.001986,0.001628
10.24159679,0.001994,0.001629
10.27356479,-0.002412,0.001629
10.30561918,-0.006734,0.001626
10.33758718,-0.007805,0.001628
10.36964156,-0.000934,0.001629
10.40160956,0.008569,0.00163
10.43357757,0.003725,0.001628
10.46563199,-0.000883,0.001629
10.49759999,0.000894,0.001628
10.52956799,-0.002277,0.00163
10.56162238,-0.000681,0.001631
10.59359038,-0.001432,0.001632
10.62555838,-0.008377,0.00164
10.65761276,-0.012821,0.001872
10.68958076,-0.017186,0.001872
10.72154877,-0.007286,0.001891
10.75360319,-0.001001,0.001868
10.78557119,-0.005949,0.001866
10.81753919,-0.008708,0.001873
10.84959358,-0.003788,0.001873
10.88156158,-0.0089,0.00189
10.913616,-0.013185,0.001878
10.94558396,-0.018836,0.00188
10.97755196,-0.008528,0.001744
11.00960639,-0.005291,0.001644
11.04157439,-0.005703,0.001641
11.07354239,-0.004134,0.001644
11.10559677,-8.00E-06,0.001641
11.13756478,0.000551,0.001641
11.16953278,-0.002233,0.001646
11.2015872,0.000633,0.00164
11.23355516,0.002483,0.001641
11.26552316,-0.00368,0.001647
11.29757759,-0.001698,0.001641
11.32954559,0.004508,0.001642
11.36159997,0.002898,0.001641
11.39356797,0.001913,0.001645
11.42553598,-0.002077,0.001648
11.4575904,-0.005662,0.001649
11.4895584,-0.003808,0.001642
11.52152636,-0.000662,0.001642
11.55358078,0.006175,0.001637
11.58554879,0.004702,0.001641
11.61751679,0.005066,0.001641
11.64957117,0.012019,0.001639
11.68153917,0.001716,0.001643
11.7135936,0.00417,0.001642
11.7455616,0.008705,0.001639
11.7775296,0.003233,0.001641
11.80958398,-0.002249,0.001647
11.84155198,-0.002566,0.001647
11.87351999,-0.003056,0.001646
11.9065248,0.002126,0.001643
11.93857918,-0.003405,0.001642
11.97054718,0.000135,0.001644
12.00251518,0.000622,0.001644
12.03456957,0.00313,0.001646
12.06653757,0.004498,0.00164
12.09850557,0.001273,0.001645
12.13055999,0.00304,0.001641
12.16252799,0.002547,0.001643
12.194496,-0.0006,0.001643
12.22655038,-0.003763,0.001646
12.25851838,-0.006158,0.001643
12.29048638,0.001901,0.001647
12.32254077,-0.002838,0.001646
12.35450877,-0.000444,0.001641
12.38656319,0.007276,0.001642
12.41853119,-0.002787,0.001648
12.45153596,0.005469,0.001643
12.48350396,0.003289,0.001647
12.51555839,0.006625,0.001644
12.54752639,-0.000737,0.001644
12.57949439,-0.00537,0.001647
12.61154877,-0.001172,0.001648
12.64351678,-0.004701,0.001648
12.67453439,-0.005735,0.001649
12.70650239,0.001337,0.001645
12.73855678,-0.001658,0.00165
12.77052478,0.002011,0.001653
12.80249278,-0.001486,0.001647
12.83446078,-0.003312,0.001651
12.86651516,0.000522,0.001651
12.89848317,-0.003779,0.001644
12.93053759,-0.002869,0.001649
12.96250559,-0.0067,0.001649
12.99447359,-0.006877,0.001654
13.02652798,-0.011347,0.001649
13.05849598,-0.002388,0.001653
13.09046398,-0.002458,0.001648
13.12251836,-0.001632,0.001649
13.15448636,-0.002851,0.001657
13.18654079,0.004538,0.00165
13.21850879,-0.001665,0.00165
13.25047679,-0.007477,0.001651
13.28244479,-0.006478,0.001652
13.31449918,-0.007738,0.00165
13.34646718,-0.006178,0.001656
13.3785216,-0.012581,0.001654
13.41152637,-0.005429,0.001655
13.44349437,-0.00123,0.001658
13.47546237,-0.004286,0.001656
13.5075168,-0.002284,0.001654
13.5394848,-0.001869,0.001654
13.5714528,-0.000608,0.00166
13.60350718,-0.00477,0.001654
13.63547519,-0.002009,0.001665
13.66744319,-0.003148,0.001662
13.69949757,-0.005321,0.001662
13.73146557,-0.006714,0.00166
13.76343357,-0.013463,0.001661
13.795488,-0.013444,0.001658
13.827456,-0.002708,0.001657
13.85951038,-0.005745,0.001659
13.89147838,-0.001032,0.001652
13.92344639,-0.007971,0.001651
13.95550077,-0.003128,0.00166
13.98746877,-0.001883,0.001661
14.01943677,-0.00835,0.001659
14.05149119,-0.012974,0.001661
14.0834592,-0.007502,0.001663
14.1154272,-0.006624,0.001662
14.14748158,-0.00948,0.001665
14.17944958,-0.005503,0.001662
14.21141759,-0.013697,0.001666
14.24347197,-0.007607,0.001663
14.27543997,-0.00717,0.001661
14.30740797,-0.005192,0.001661
14.3394624,-0.00965,0.001659
14.3714304,-0.001451,0.001663
14.40348478,-0.013734,0.001668
14.43545278,-0.006706,0.001664
14.46742078,-0.010075,0.001668
14.49947517,-0.006911,0.001666
14.53144317,-0.005378,0.001666
14.56341117,-0.0034,0.001666
14.59546559,-0.003029,0.00166
14.6274336,-0.006629,0.00167
14.6594016,0.001627,0.001672
14.69145598,-0.00364,0.001665
14.72342398,0.009097,0.001665
14.75547836,-0.000588,0.001671
14.78744637,-0.000959,0.00167
14.81941437,0.000824,0.001668
14.85146879,-0.007124,0.001667
14.88343679,-0.013483,0.001665
14.9154048,-0.015836,0.001665
14.94745918,0.000816,0.001665
14.97942718,-0.002622,0.001668
15.01139518,0.000622,0.001664
15.04344956,-0.005207,0.001668
15.07541757,-0.006195,0.001669
15.10738557,0.001025,0.001673
15.13943999,0.001273,0.001674
15.17140799,-0.001851,0.001666
15.20346238,0.00056,0.001671
15.23543038,-0.002422,0.001669
15.26739838,-0.004355,0.001671
15.29945276,-0.007699,0.001675
15.33142076,-0.002498,0.001673
15.36338877,-0.004381,0.001678
15.39544319,0.001664,0.001678
15.42741119,-0.002015,0.001677
15.45937919,0.00351,0.001679
15.49143358,0.000894,0.001666
15.52340158,0.001995,0.001668
15.55536958,0.004453,0.001677
15.58742396,-0.00304,0.001676
15.61939196,-0.00189,0.001677
15.65135997,-0.013089,0.001682
15.68341439,-0.009156,0.001683
15.71538239,-0.00528,0.001688
15.74743677,-0.004098,0.001688
15.77940478,-0.010479,0.001682
15.81137278,0.000496,0.001677
15.8434272,-0.003368,0.00168
15.87539516,-0.002795,0.001682
15.90736316,-0.009476,0.001691
15.93941759,-0.006053,0.001697
15.9724224,-0.004466,0.001692
16.0043904,-0.004375,0.00168
16.0363584,-0.001463,0.001673
16.06841278,-0.00627,0.001675
16.10038079,-0.007763,0.001678
16.13234879,-0.005017,0.001677
16.16440317,-0.001767,0.001674
16.19637117,0.005525,0.001673
16.22833917,0.000739,0.001674
16.2603936,0.003433,0.001677
16.2923616,-0.002907,0.001675
16.32441598,0.000211,0.001681
16.35638398,-0.001797,0.001677
16.38835199,-0.004885,0.001681
16.42040637,-0.005111,0.001677
16.45237437,-0.006118,0.00168
16.48434237,-0.003634,0.001682
16.5163968,0.000526,0.00168
16.5483648,-0.000665,0.001682
16.5803328,-0.005412,0.001678
16.61238718,0.005187,0.001682
16.64435518,0.00069,0.001683
16.67632319,-0.00022,0.001681
16.70837757,0.000538,0.001685
16.74034557,-0.001054,0.001684
16.77231357,-0.009443,0.001685
16.804368,-0.009161,0.001685
16.836336,-0.015187,0.001688
16.86839038,-0.002508,0.001697
16.90035838,-0.001538,0.001696
16.93232638,-0.003093,0.001692
16.96438077,0.000417,0.001687
16.99634877,-0.002525,0.001707
17.02831677,-0.002228,0.001701
17.06037119,0.004508,0.001704
17.0923392,-0.004919,0.001713
17.1243072,-0.008916,0.001713
17.15636158,-0.007823,0.001708
17.18832958,-0.005979,0.001707
17.22038396,-0.00862,0.001697
17.25235197,-0.010699,0.001704
17.28431997,-0.007763,0.001706
17.31637439,0.001113,0.0017
17.34834239,0.008959,0.001709
17.3803104,0.006504,0.001705
17.41236478,-0.001446,0.001717
17.44433278,-0.001199,0.001717
17.47630078,0.001078,0.001708
17.50835516,-0.001869,0.001705
17.54135997,-0.005631,0.001713
17.57332798,-0.004328,0.001698
17.60529598,-0.007505,0.001696
17.6373504,-0.00362,0.001706
17.66931836,-0.003831,0.001716
17.70128637,-0.009669,0.001701
17.73334079,0.000144,0.001708
17.76530879,-0.00355,0.001709
17.79727679,-0.00954,0.001715
17.82933117,-0.004117,0.001707
17.86129918,-0.007189,0.001719
17.8933536,5.60E-05,0.001717
17.9253216,-0.003199,0.001717
17.95728956,-0.007896,0.001721
17.98934399,-0.001514,0.001705
18.02131199,-0.004978,0.001704
18.05327999,-0.00355,0.001705
18.08533437,0.004498,0.001705
18.11730237,-0.00888,0.00172
18.14927038,-0.001455,0.001719
18.1813248,0.010006,0.001692
18.2132928,0.01589,0.001691
18.24534718,0.008025,0.001691
18.27731519,0.007544,0.001691
18.30928319,0.005596,0.0017
18.34133757,0.008202,0.001698
18.37330557,-0.001838,0.001699
18.40527357,-0.000569,0.001699
18.437328,0.008711,0.001697
18.469296,0.008468,0.001699
18.501264,0.020247,0.001699
18.53331838,0.006704,0.001697
18.56528639,0.01294,0.001706
18.59725439,0.014947,0.001703
18.62930877,0.010501,0.001701
18.66127677,0.016948,0.001704
18.69324477,0.010453,0.001707
18.7252992,0.006926,0.001703
18.7572672,0.007753,0.001706
18.7892352,0.006059,0.001703
18.82128958,0.011664,0.001705
18.85325759,0.007654,0.001702
18.88531197,0.012504,0.001705
18.91727997,0.013717,0.001704
18.94924797,0.012141,0.001706
18.9813024,0.009976,0.001708
19.0132704,0.012518,0.001711
19.0452384,0.007462,0.001711
19.07729278,0.00955,0.001709
19.10926078,0.009312,0.001716
19.14122879,-0.003455,0.001874
19.17328317,0.002009,0.001913
19.20525117,0.00265,0.001901
19.23721917,0.005332,0.001872
19.2692736,0.009193,0.001907
19.3012416,0.015552,0.001869
19.33329598,0.006297,0.001892
19.36526398,0.009266,0.001915
19.39723198,0.00167,0.001793
19.42928637,0.001533,0.001788
19.46125437,0.007542,0.001799
19.49322237,-0.0001,0.001792
19.52527679,0.002161,0.001798
19.5572448,0.001793,0.001805
19.59024957,0.00514,0.001789
19.62221757,0.00244,0.001766
19.65427199,0.00602,0.001752
19.68623999,0.015498,0.001725
19.71820799,0.008253,0.001722
19.75026238,0.012477,0.001723
19.78223038,0.002726,0.00173
19.8142848,0.012268,0.00173
19.84625276,0.008373,0.001727
19.87528318,0.010159,0.001722
19.90725119,0.001592,0.001726
19.93921919,0.008706,0.001731
19.97127357,0.012833,0.001729
20.00324157,0.015853,0.001728
20.03520957,0.017921,0.001731
20.067264,-0.003204,0.00178
20.099232,-0.012163,0.00178
20.1312,-0.006701,0.001793
20.16325438,-0.005003,0.001784
20.19522239,-0.004719,0.001799
20.22719039,-0.003666,0.001803
20.25924477,-0.013086,0.001806
20.29121277,-0.010544,0.001828
20.32318077,-0.014085,0.00184
20.3552352,-0.015738,0.00182
20.3872032,-0.006644,0.001834
20.41925758,-0.004937,0.001811
20.45122558,-0.007657,0.001816
20.48319359,-0.007392,0.001808
20.51524797,0.001456,0.001808
20.54721597,-0.003996,0.001801
20.58022078,0.00207,0.001796
20.61218878,-0.00394,0.001801
20.64424316,-0.002401,0.001815
20.67621117,-0.006209,0.001822
20.70817917,-0.015448,0.001854
83.56625279,0.001618412,0.002030534
83.59329597,-0.002883844,0.00203783
83.62025278,0.003607107,0.002046988
83.647296,0.005629109,0.002049958
83.67425276,0.00302328,0.00206101
83.70129599,0.002725777,0.002036677
83.72825279,0.000889367,0.00205023
83.75529598,0.001407093,0.002056714
83.78225278,-0.001122618,0.00204579
83.80929597,-0.003994021,0.002049395
83.83625277,-0.006759116,0.002053469
83.863296,-0.007523642,0.002045763
83.8902528,-0.00178227,0.002055067
83.91720956,-0.002011284,0.002056347
83.94425279,0.005017495,0.002057117
83.9722464,0.004855908,0.002047719
83.99920316,0.005026628,0.002054831
84.02624639,0.001481582,0.002059078
84.05328957,0.002426811,0.002057467
84.08024638,0.008030503,0.002045088
84.10720318,0.002973867,0.002041584
84.13424637,0.003060968,0.002050849
84.16120317,0.006062537,0.00205855
84.1882464,0.002596454,0.002062655
84.2152032,-0.00633927,0.002045851
84.24328319,-0.001598501,0.002063684
84.27024,-0.001395353,0.002072101
84.29728318,0.002062217,0.002057748
84.32423999,6.38E-05,0.002046454
84.35119679,0.006034553,0.002054536
84.37823997,0.011234152,0.00206853
84.40519678,0.006792685,0.00206069
84.43223996,0.01009967,0.002059196
84.45919677,0.007328887,0.002061983
84.48623999,0.006638,0.00205159
84.5131968,0.007377957,0.002066834
84.54023998,0.008207555,0.002077276
84.56719678,0.002865501,0.002057228
84.59423997,0.000272976,0.002046378
84.62119677,-0.007234807,0.002072753
84.64824,0.00278482,0.002071106
84.67822077,5.32E-05,0.002056582
84.70526399,0.006653357,0.00207992
84.73222079,0.000244612,0.002056535
84.75926398,0.002109706,0.002061781
84.78622078,0.00303041,0.002062178
84.81326397,0.008957228,0.002048482
84.84022077,0.002195413,0.002046176
84.86717758,0.000924184,0.002062661
84.8942208,0.001714797,0.002050039
84.92117756,-0.000409367,0.002052208
84.94822079,0.003661474,0.002066536
84.97517759,-0.004943861,0.002067097
85.00222078,-0.000740016,0.002061926
85.02917758,-0.001776511,0.00206138
85.05622077,-0.002701811,0.002059287
85.08317757,-0.002662841,0.002069354
85.1102208,0.00177066,0.002062403
85.1371776,0.000123596,0.002065013
85.16422078,0.002698429,0.002060935
85.19117759,0.004042736,0.002069791
85.21822077,0.001541944,0.002075368
85.24517758,0.004742346,0.00206676
85.27222076,0.002267939,0.002055688
85.29917757,-0.002492298,0.002066853
85.32622079,-0.004951408,0.002069673
85.3531776,-0.006008895,0.002067146
85.38022078,-0.008801196,0.002069922
85.40717758,-0.011500421,0.002085292
85.43422077,-0.008867446,0.002057582
85.46117757,-0.009613484,0.002077925
85.4882208,-0.005641087,0.002049079
85.5151776,-0.002701774,0.002068358
85.54222079,-0.001402598,0.002058027
85.56917759,0.001088342,0.002070732
85.59622077,-0.004257986,0.002068385
85.62317758,-0.002782779,0.002059039
85.65022076,-0.001399329,0.002068547
85.67717757,-0.005756113,0.002068289
85.70422079,-0.006902379,0.002081321
85.7311776,-0.011466437,0.002086174
85.75822078,-0.012614623,0.002070325
85.78517759,-0.018458199,0.002075522
85.81222077,-0.014447639,0.002048437
85.83917757,-0.011250117,0.002076856
85.8662208,-0.006607098,0.002070138
85.89317756,-0.002103993,0.00205036
85.92013437,-0.003315484,0.002058783
85.94717759,-0.002422745,0.002055881
85.9741344,0.002803397,0.002033517
86.00117758,-0.00270162,0.00206333
86.02813438,-0.004731011,0.002067309
86.05517757,-0.002070985,0.002051696
86.08213437,-0.004771719,0.002071642
86.1091776,-0.007598092,0.002073132
86.13613436,-0.008154973,0.002069614
86.16317759,-0.002544611,0.002075105
86.19013439,-0.010356648,0.002081448
86.21717758,-0.006877822,0.00207089
86.24413438,-0.000204423,0.002068993
86.27117756,0.001060958,0.002068698
86.29813437,0.003124722,0.002059571
86.32517759,-0.002633267,0.002071295
86.3521344,0.002706164,0.002083199
86.37917758,0.001071884,0.002073794
86.40613439,-0.000634924,0.002071163
86.43317757,0.004326689,0.002069144
86.46013438,-0.00347025,0.002072114
86.4871776,-0.002942152,0.002064532
86.51413436,-0.003864442,0.002079777
86.54117759,-0.009747729,0.002074356
86.56813439,-0.007571,0.002075685
86.59517758,-0.004155664,0.00205589
86.62213438,-0.002085324,0.002048742
86.64917757,0.002808735,0.002060929
86.67613437,-6.54E-05,0.002061823
86.7031776,-0.001100954,0.00206456
86.7301344,0.003116769,0.002056667
86.75717758,-0.000485191,0.002054254
86.78413439,0.006411761,0.002073194
86.81109119,0.007078394,0.002054791
86.83813438,-0.000966083,0.002074833
86.8651776,-0.004400732,0.002071453
86.89213437,0.002063892,0.002047944
86.91917759,-0.003265512,0.002076852
86.94613439,-0.004771296,0.00205436
86.9730912,-0.002385393,0.002059984
87.00013438,0.001190154,0.002042647
87.02709119,0.002354444,0.002049214
87.05413437,0.004692508,0.002058861
87.08109118,0.001535091,0.002054948
87.1081344,0.003293728,0.00204573
87.13509116,0.002918981,0.002053186
87.16213439,0.007712994,0.00204159
87.18909119,0.00261311,0.002041294
87.21613438,0.002382603,0.002045149
87.24309118,0.002098137,0.002043776
87.27013437,-0.00277794,0.002051048
87.29709117,-0.002876755,0.002047977
87.3241344,-0.005784517,0.002048182
87.3510912,-0.007325048,0.002047814
87.37813438,-0.005093059,0.002046383
87.40509119,0.004862175,0.002045096
87.43213437,0.002609278,0.002047427
87.45909118,0.004792626,0.002042738
87.48613436,0.005572919,0.002037369
87.51309117,0.004869064,0.002044758
87.54013439,0.011524326,0.002037645
87.5670912,0.008336721,0.002044376
87.59413438,0.004370073,0.002043284
87.62109118,0.004223376,0.00205562
87.64813437,0.005340753,0.002050265
87.67509117,-0.004819499,0.002062222
87.7021344,-0.003010148,0.002058202
87.73012797,-0.001772326,0.002061965
87.75708477,-0.000194175,0.002049695
87.784128,-0.001575249,0.002045019
87.81108476,0.007079336,0.002044145
87.83812799,0.001631855,0.002059165
87.86508479,0.001558645,0.002057378
87.89212798,-0.002380133,0.002068273
87.91908478,-0.000197065,0.00205016
87.94612796,0.000908808,0.00206017
87.97308477,0.00325983,0.002051794
88.00107838,-0.000619483,0.002055863
88.02812157,-0.003333858,0.002040962
88.05507837,-0.003944737,0.002048891
88.08212159,-0.005036814,0.002046992
88.1090784,-0.003693375,0.002035143
88.13612158,-0.005097956,0.002050607
88.16307839,0.001477855,0.002066347
88.19012157,0.000971852,0.002058027
88.21707838,0.002352477,0.002049479
88.2441216,0.001629505,0.002063595
88.27107836,0.002500884,0.002054004
88.29803517,0.001852874,0.002051958
88.32507839,0.008970772,0.002054545
88.3520352,0.007436908,0.002067474
88.37907838,0.004261194,0.00205827
88.40603519,0.000331082,0.002053089
88.43307837,-0.001663947,0.002053576
88.46003518,-0.005148599,0.00207233
88.4870784,-0.006426457,0.002080214
88.51403516,-0.007907997,0.002043364
88.54107839,-0.000389801,0.002046066
88.56803519,0.004044466,0.002065783
88.59507838,-9.39E-05,0.002067705
88.62203518,0.002960231,0.002052623
88.64907837,0.005842362,0.00205656
88.67603517,0.011599122,0.002029869
88.7030784,0.009504374,0.002033842
88.7300352,0.010020268,0.002032934
88.75707838,0.001225682,0.002042158
88.78403519,0.005774053,0.00204766
88.81107837,0.007467017,0.002033896
88.83803518,-0.001056852,0.002055994
88.8650784,0.002677645,0.002054335
169.1743104,0.021713,0.002834
169.1963424,0.01963,0.002839
169.218288,0.017914,0.002834
169.24032,0.018262,0.002828
169.262352,0.020316,0.002831
169.2842976,0.01927,0.002827
169.3063296,0.018297,0.002834
169.3282752,0.007761,0.00283
169.3503072,0.011967,0.002838
169.3723392,0.0136,0.002839
169.3942848,0.001551,0.002832
169.4163168,0.011164,0.002838
169.4383488,0.015581,0.002828
169.4602944,0.015294,0.002829
169.4823264,0.01719,0.002828
169.5043584,0.021324,0.00283
169.526304,0.020478,0.002826
169.548336,0.010328,0.002823
169.5702816,0.012534,0.002834
169.5923136,0.014211,0.002827
169.6143456,0.013891,0.002829
169.6362912,0.013085,0.002829
169.6583232,0.007775,0.002828
169.6802688,0.005749,0.002829
169.7023008,0.004765,0.002831
169.7243328,0.003538,0.002826
169.7462784,0.000488,0.002832
169.7683104,-5.00E-06,0.002823
169.7903424,-0.001357,0.00282
169.812288,-0.001486,0.002824
169.83432,0.00147,0.00282
169.8562656,0.005542,0.002818
169.8782976,0.004944,0.002831
169.9003296,0.001071,0.002818
169.9222752,-0.001594,0.00282
169.9443072,0.001614,0.002815
169.9662528,-0.00334,0.002821
169.9882848,-0.004473,0.002819
170.0103168,-0.005251,0.002817
170.0322624,0.000121,0.002818
170.0542944,-0.004461,0.00282
170.0763264,-0.007062,0.002821
170.098272,-0.010362,0.002816
170.120304,-0.011194,0.002817
170.1422496,-0.013461,0.002815
170.1642816,-0.01284,0.002818
170.1863136,-0.00377,0.002823
170.2082592,-0.002101,0.002816
170.2302912,-0.0027,0.002816
170.2523232,-0.006539,0.002817
170.2742688,0.003124,0.002819
170.2963008,0.002188,0.002814
170.3182464,-0.000676,0.002812
170.3402784,-0.005967,0.002815
170.3623104,0.001759,0.002818
170.384256,-0.001731,0.002817
170.406288,0.002322,0.00282
170.4282336,-0.003483,0.002816
170.4502656,-0.001552,0.00282
170.4722976,-0.011316,0.002823
170.4942432,-0.006704,0.002815
170.5162752,-0.013837,0.002816
170.5382208,-0.014675,0.002811
170.5602528,-0.00855,0.002818
170.5822848,-0.002948,0.002819
170.6042304,-0.005163,0.002816
170.6262624,-0.009208,0.002811
170.6482944,-0.004632,0.002807
170.67024,-0.003323,0.002805
170.692272,0.003458,0.002814
170.714304,-0.000782,0.002811
170.7362496,0.001626,0.002808
170.7582816,0.001222,0.002814
170.7802272,-0.007511,0.002814
170.8022592,-0.005137,0.002811
170.8242912,-0.003208,0.002811
170.8462368,-0.009998,0.002811
170.8682688,-0.016994,0.002814
170.8903008,-0.013568,0.00281
170.9122464,-0.016281,0.002812
170.9342784,-0.012301,0.002809
170.956224,-0.010743,0.00281
170.978256,-0.00773,0.002808
171.000288,-0.006308,0.002808
171.0222336,-0.001432,0.002804
171.0442656,-0.004284,0.002806
171.0662112,0.000712,0.00281
171.0932544,8.80E-05,0.002805
171.1152,-0.005809,0.002803
171.137232,-0.001718,0.002805
171.159264,0.003068,0.002806
171.1812096,-0.01071,0.002799
171.2032416,-0.006177,0.002802
171.2252736,-0.007126,0.002803
171.2472192,-0.009577,0.002804
171.2692512,-0.012426,0.002808
171.2911968,-0.012996,0.002812
171.3132288,-0.015838,0.002808
171.3352608,-0.012177,0.002808
171.3572064,-0.011543,0.002802
171.3792384,-0.004134,0.002803
171.4012704,-0.003076,0.002799
171.423216,-0.000781,0.002801
171.445248,-0.004649,0.0028
171.4671936,0.006559,0.002806
171.4892256,-0.006823,0.0028
171.5112576,-0.006538,0.002797
171.5332032,-0.005215,0.002799
171.5552352,-0.003605,0.002804
171.5772672,-0.010853,0.002799
171.5992128,-0.005946,0.002799
171.6212448,-0.010258,0.002803
171.6431904,-0.012252,0.002803
171.6652224,-0.013323,0.002801
171.6872544,-0.022672,0.002801
171.7092,-0.015557,0.0028
171.731232,-0.010324,0.002802
171.753264,-0.003913,0.002804
171.7752096,-0.01067,0.002798
171.7972416,0.002702,0.002808
171.8191872,0.00195,0.002802
171.8412192,0.002133,0.002802
171.8632512,0.00709,0.002801
171.8851968,0.001777,0.002796
171.9072288,-0.003506,0.002798
171.9291744,0.003565,0.002803
171.9512064,0.001715,0.002798
171.9732384,0.003987,0.0028
171.995184,-0.00274,0.002802
172.017216,-0.003218,0.002801
172.039248,-0.002965,0.002802
172.0611936,-0.000828,0.002803
172.0832256,-0.014779,0.0028
172.1051712,-0.003868,0.002798
172.1272032,0.005476,0.002796
172.1492352,0.000681,0.002797
172.1711808,-0.003189,0.002788
172.1932128,0.00441,0.002795
172.2151584,0.008046,0.002796
172.2371904,0.006657,0.002796
172.2592224,0.000484,0.002796
172.281168,0.003915,0.002793
172.3032,0.005813,0.002797
172.3251456,0.010266,0.002795
172.3471776,0.003615,0.002796
172.3692096,-0.002892,0.00279
172.3911552,0.001224,0.002795
172.4131872,0.000898,0.0028
172.4352192,-0.010163,0.002801
172.4571648,0.00105,0.002802
172.4791968,-0.001625,0.002801
172.5012288,0.005215,0.002799
172.5231744,0.007904,0.002799
172.5452064,0.004721,0.002792
172.567152,0.009127,0.002797
172.589184,0.002657,0.002798
172.611216,0.002898,0.002796
172.6331616,0.006285,0.002798
172.6551936,0.010307,0.002794
172.6772256,0.004141,0.002797
172.6991712,0.005162,0.002795
172.7212032,0.001897,0.002796
172.7431488,0.00257,0.002797
172.7651808,0.003777,0.002796
172.7872128,0.0003,0.002799
172.8091584,-0.005894,0.002799
172.8311904,-0.012004,0.002798
172.8532224,-0.005487,0.002801
172.875168,-0.010962,0.002792
172.8972,0.003315,0.002794
172.9191456,-0.002638,0.002795
172.9411776,0.000953,0.002788
172.9632096,0.004676,0.002796
172.9851552,0.004214,0.002797
173.0071872,0.001521,0.002791
173.0291328,0.005471,0.002788
173.0511648,0.004653,0.002785
173.0731968,0.000485,0.002793
173.0951424,-0.00075,0.002796
173.1171744,-0.004923,0.002794
173.13912,-0.008862,0.00279
173.161152,-0.009326,0.002792
173.183184,-0.008761,0.002797
173.2051296,-0.009972,0.0028
173.2271616,-0.008371,0.002795
173.2491936,-0.010305,0.002796
173.2711392,-0.009935,0.002793
173.2931712,-0.00717,0.002792
173.3151168,-0.000949,0.002794
173.3371488,0.000224,0.002791
173.3591808,0.002177,0.002788
173.3811264,-0.000689,0.002795
173.4031584,-0.003734,0.002788
173.4251904,0.001771,0.002788
173.447136,-0.00476,0.002792
173.469168,-0.005447,0.002788
173.4911136,-0.00074,0.002787
173.5131456,-0.0061,0.002791
173.5351776,-0.005686,0.002795
173.5571232,-0.004546,0.002794
173.5791552,-0.012155,0.002795
173.6011008,-0.015358,0.00279
173.6241696,-0.009906,0.002797
173.6461152,-0.00529,0.002792
173.6681472,-0.002723,0.002793
173.6900928,0.003631,0.002794
173.7121248,0.00028,0.002793
173.7341568,0.002899,0.002791
173.7561024,0.000426,0.002784
173.7781344,0.000331,0.002787
173.8001664,0.004171,0.002788
173.822112,-0.001444,0.002787
173.844144,0.000718,0.002795
173.866176,0.002924,0.002787
173.8881216,0.000518,0.002789
173.9101536,-0.002572,0.002791
173.9320992,0.000511,0.002793
173.9541312,-0.005546,0.002795
173.9761632,-0.007536,0.002801
173.9981088,-0.011103,0.002794
174.0201408,-0.006467,0.002797
174.0420864,-0.005738,0.002793
174.0641184,-0.004765,0.002793
174.0861504,0.000923,0.002789
174.108096,0.001905,0.002786
174.130128,0.00645,0.002787
174.15216,0.008878,0.002789
174.1741056,0.007088,0.002789
174.1961376,0.008299,0.002793
174.2180832,0.001812,0.00279
174.2401152,0.005508,0.002791
174.2621472,-0.001503,0.002788
174.2840928,-0.0021,0.002785
174.3061248,-0.012548,0.002787
174.3280704,-0.001661,0.002788
174.3501024,-0.003662,0.00279
174.3721344,-0.008873,0.002792
174.39408,-0.001399,0.002795
174.416112,-0.003422,0.002791
174.438144,-0.002278,0.002788
174.4600896,-0.002465,0.002788
174.4821216,0.004906,0.002788
174.5040672,0.002454,0.002781
174.527136,0.000291,0.002784
174.5490816,0.000646,0.002788
174.5711136,-0.001671,0.002787
174.5930592,-0.008328,0.002813
174.6150912,-0.009834,0.002813
174.6371232,-0.005563,0.002821
174.6590688,-0.009137,0.002814
174.6811008,-0.016171,0.002794
174.7031328,-0.018432,0.002828
174.7250784,-0.015011,0.002825
174.7471104,-0.018925,0.002817
174.769056,-0.026384,0.002816
174.791088,-0.022454,0.002831
174.81312,-0.013907,0.002824
174.8350656,-0.014053,0.002811
174.8570976,-0.012899,0.00281
174.8791296,-0.011631,0.002818
174.9010752,-0.006382,0.002812
174.9231072,-0.010037,0.002809
174.9451392,-0.00988,0.0028
174.9670848,-0.006589,0.002804
174.9891168,-0.005294,0.002813
175.0110624,-0.013765,0.002811
175.0330944,-0.019188,0.00281
175.05504,-0.009884,0.002827
175.077072,-0.013241,0.002818
175.099104,-0.016591,0.002815
175.1210496,-0.020772,0.002821
175.1430816,-0.023416,0.002821
175.1651136,-0.017267,0.002816
175.1870592,-0.017365,0.002802
175.2090912,-0.014643,0.002821
175.2310368,-0.007026,0.002811
175.2530688,-0.009837,0.002809
175.2751008,-0.011337,0.002812
175.2970464,-0.013677,0.002817
175.3190784,-0.008911,0.002815
175.3411104,-0.008794,0.002813
175.363056,-0.01619,0.002803
175.385088,-0.010804,0.002814
175.4070336,-0.010397,0.00282
175.4290656,-0.014113,0.002811
175.4510976,-0.018672,0.002812
175.4730432,-0.016697,0.002828
175.4950752,-0.017943,0.002819
175.5170208,-0.032337,0.002813
175.5390528,-0.014074,0.002822
175.5610848,-0.016966,0.002821
175.5830304,-0.019364,0.002797
175.6050624,-0.019519,0.002808
175.6270944,-0.015933,0.002834
175.64904,-0.009398,0.002844
175.671072,-0.013631,0.002806
175.6930176,-0.010117,0.002829
175.7150496,-0.008907,0.002815
175.7370816,-0.007929,0.002824
175.7590272,-0.006048,0.002819
176.0180544,0.004903,0.002782
176.0790528,0.009305,0.002784
176.1009984,0.008817,0.002786
176.1230304,0.013764,0.002785
176.1450624,0.005672,0.002785
176.167008,0.014602,0.002786
176.18904,0.008191,0.002784
176.211072,0.010024,0.00279
176.2330176,0.002648,0.002787
176.2550496,0.00651,0.002797
176.2769952,0.003437,0.002799
176.2990272,-0.010248,0.002794
176.3210592,0.005821,0.002797
176.3430048,0.001696,0.002798
176.3650368,0.00795,0.002797
176.3870688,0.012219,0.002799
176.4090144,0.005037,0.002788
176.4310464,0.011086,0.002789
176.452992,0.009155,0.00279
176.475024,0.009659,0.002794
176.497056,0.015022,0.002797
176.5190016,0.015353,0.002796
176.5410336,0.009807,0.002788
176.5630656,0.009269,0.002796
176.5850112,0.00681,0.002797
176.6070432,0.006465,0.002796
176.6289888,0.008354,0.002801
176.6510208,-0.002903,0.002793
176.6730528,-0.002314,0.002806
176.6949984,-0.005897,0.002802
176.7170304,-0.005608,0.002795
176.738976,0.007857,0.002799
176.761008,0.013227,0.002798
176.78304,0.003463,0.002789
176.8049856,0.009942,0.002797
176.8270176,0.004019,0.00279
176.8490496,0.006703,0.00279
176.8709952,-0.000398,0.002786
176.8930272,0.005127,0.002792
176.9150592,0.000856,0.002788
176.9370048,0.00297,0.002795
176.9590368,0.003137,0.002794
176.9809824,-0.001731,0.002794
177.0030144,5.90E-05,0.002792
177.02496,-0.004109,0.002794
177.046992,-0.003903,0.002793
177.069024,-0.009713,0.002794
177.0909696,-0.010486,0.002794
177.1130016,0.001561,0.002788
177.1350336,-0.004441,0.00279
177.1569792,0.00215,0.002788
177.1790112,0.004091,0.002786
177.2009568,0.008235,0.002789
177.2229888,0.006299,0.002786
177.2450208,0.00549,0.002789
177.2669664,0.012343,0.002786
177.2889984,0.004795,0.002788
177.3110304,0.006697,0.002789
177.332976,-7.00E-05,0.002787
177.355008,-0.001434,0.002789
177.3769536,-0.001784,0.002786
177.3989856,-0.005967,0.002788
177.4210176,-0.003671,0.00279
177.4429632,-0.001228,0.002793
177.4649952,-0.003234,0.002789
177.4870272,-0.002472,0.002793
177.5089728,-0.006667,0.002785
177.5310048,0.000596,0.002791
177.5529504,0.004674,0.002791
177.5760192,0.000784,0.002789
177.5979648,0.001895,0.002791
177.6199968,0.006051,0.002788
177.6419424,0.009224,0.002789
177.6639744,0.001716,0.002784
177.6860064,0.005039,0.002785
177.707952,0.007358,0.002788
177.729984,0.003226,0.002789
177.7519296,-0.000938,0.002789
177.7739616,-0.001392,0.00279
177.7959936,0.000173,0.002792
177.8179392,-0.007681,0.002792
177.8399712,-0.00483,0.00279
177.8620032,-0.003305,0.002791
177.8839488,-0.00236,0.002789
177.9069312,0.006471,0.002792
177.9289632,0.002657,0.002789
177.9509952,0.008066,0.002789
177.9729408,0.007299,0.002785
177.9949728,0.00452,0.00279
178.0169184,0.003585,0.00279
178.0389504,0.007677,0.002784
178.0609824,0.006523,0.002786
178.082928,0.006623,0.002785
178.10496,0.00402,0.002787
178.1269056,0.002552,0.002789
178.1489376,0.004668,0.002791
178.1709696,0.000592,0.002789
178.1929152,-0.002736,0.002796
178.2149472,-0.004633,0.002793
178.2369792,-0.000576,0.002791
178.2589248,-0.000333,0.002798
178.285968,0.001534,0.00279
178.3079136,0.002743,0.002786
178.3299456,0.004388,0.002791
178.3519776,0.002083,0.002788
178.3739232,0.009651,0.002789
178.3959552,0.007156,0.002796
178.4179872,0.009962,0.002792
178.4399328,0.010731,0.002793
178.4619648,0.006758,0.002791
178.4839104,0.008805,0.002789
178.5059424,0.001786,0.00279
178.5279744,0.001965,0.002787
178.54992,-0.000833,0.002793
178.571952,-0.002423,0.002792
178.5938976,-0.00221,0.002795
178.6159296,-0.002494,0.002798
178.6379616,-0.002875,0.002799
178.6599072,0.002815,0.002796
178.6819392,-0.000606,0.00279
178.7039712,0.011587,0.002792
178.7259168,0.010457,0.002798
178.7479488,0.011769,0.002795
178.7698944,0.003633,0.002792
178.7919264,0.005527,0.002786
178.8139584,0.005677,0.00279
178.835904,0.007851,0.002788
178.857936,0.000453,0.002788
178.8798816,0.004628,0.002789
178.9019136,-0.000377,0.002788
178.9239456,-0.000362,0.002794
178.9458912,-0.000809,0.002795
178.9679232,-0.00615,0.002798
178.9899552,-0.002804,0.002797
179.0119008,-0.005063,0.002797
179.0339328,-9.00E-05,0.002793
179.0558784,0.000169,0.00279
179.0779104,0.004289,0.002793
179.0999424,0.003863,0.002791
179.121888,0.001345,0.002789
179.14392,0.009056,0.002791
179.165952,0.007487,0.002786
179.1878976,0.006581,0.00279
179.2099296,0.006263,0.002793
179.2318752,0.001371,0.00279
179.2539072,0.000737,0.002788
179.2759392,0.005863,0.002794
179.2978848,0.006866,0.002791
179.3199168,0.00453,0.002795
179.3419488,-0.003365,0.002791
179.3638944,-0.004537,0.002795
179.3859264,-0.001953,0.002796
179.407872,-0.003176,0.002798
179.429904,-0.00039,0.002792
179.4518496,0.00445,0.002793
179.4738816,0.004821,0.002793
179.4959136,0.009565,0.002791
179.5178592,0.009433,0.002792
179.5398912,0.014605,0.002795
179.5619232,0.014662,0.002796
179.5838688,0.011989,0.002789
179.6059008,0.012508,0.002793
179.6279328,0.005129,0.002794
179.6498784,0.007263,0.002794
179.6719104,0.01037,0.002799
179.693856,0.006902,0.0028
179.715888,0.008658,0.002801
179.73792,0.004441,0.002796
179.7598656,-0.000568,0.002798
179.7818976,0.003167,0.002805
179.8039296,0.007568,0.002804
179.8258752,0.008684,0.0028
179.8479072,0.004234,0.002794
179.8698528,0.008063,0.002794
179.8918848,0.016849,0.002801
179.9139168,0.008168,0.002797
179.9358624,0.006274,0.00279
179.9578944,0.009033,0.002795
179.97984,0.013914,0.002798
180.001872,0.014143,0.002798
180.023904,0.010684,0.002798
180.0458496,0.007719,0.002798
180.0678816,0.006378,0.002798
180.0899136,0.000492,0.002793
180.1118592,-0.001524,0.002795
180.1338912,0.006417,0.002804
180.1558368,-0.000511,0.002799
180.1778688,0.003868,0.002796
180.1999008,0.006867,0.002801
180.2218464,0.00904,0.002804
180.2438784,0.006712,0.002797
180.265824,0.011845,0.002791
180.287856,0.013293,0.002795
180.309888,0.01062,0.002793
180.3318336,0.013888,0.002798
180.3538656,0.009794,0.002795
180.3758976,0.010433,0.002796
180.3978432,0.012096,0.002797
180.4198752,0.007719,0.002801
180.4418208,0.01041,0.0028
180.4638528,0.006768,0.0028
180.4858848,0.010551,0.002802
180.5078304,-0.000903,0.002795
180.5298624,0.001452,0.002805
180.551808,-0.004503,0.002799
180.57384,0.001273,0.002801
180.595872,0.004684,0.002799
180.6178176,0.007353,0.002799
180.6398496,0.014091,0.002801
180.6618816,0.00625,0.002796
180.6838272,0.012171,0.002797
180.7058592,0.009294,0.002796
180.7278048,0.01229,0.002798
180.7498368,0.011181,0.002816
180.7718688,0.011471,0.00285
180.7938144,0.010715,0.002874
180.8158464,0.01259,0.002901
180.8378784,0.009867,0.002841
180.859824,0.010777,0.002825
180.881856,0.006928,0.002834
180.9038016,0.001478,0.002854
180.9258336,-0.00117,0.002854
180.9478656,0.002403,0.002844
180.9698112,0.008242,0.002854
180.9918432,0.010419,0.002848
181.0138752,0.010215,0.00284
181.0358208,0.011509,0.002843